received_at_utc,trade_time,price,volume_24h
2026-05-28T02:14:15.522336+00:00,,74213.04,6443.46546866
2026-05-28T02:14:15.731143+00:00,,74213.04,6443.46546866
2026-05-28T02:14:15.895966+00:00,,74215.98,6443.46546866
2026-05-28T02:14:15.982596+00:00,,74215.98,6443.46546866
2026-05-28T02:14:16.144123+00:00,,74213.36,6443.46546866
2026-05-28T02:14:16.231565+00:00,,74213.36,6443.46546866
2026-05-28T02:14:16.399683+00:00,,74212.91,6443.46546866
2026-05-28T02:14:16.484302+00:00,,74212.91,6443.46546866
2026-05-28T02:14:16.646175+00:00,,74212.9,6443.46546866
2026-05-28T02:14:16.730062+00:00,,74212.9,6443.46546866
2026-05-28T02:14:16.977126+00:00,,74212.9,6443.46546866
2026-05-28T02:14:17.234200+00:00,,74212.9,6443.46546866
2026-05-28T02:14:17.729880+00:00,,74212.9,6443.46546866
2026-05-28T02:14:17.982676+00:00,,74212.9,6443.46546866
2026-05-28T02:14:18.478582+00:00,,74212.9,6443.46546866
2026-05-28T02:14:18.625655+00:00,,74212.89,6443.46546866
2026-05-28T02:14:18.732257+00:00,,74212.89,6443.46546866
2026-05-28T02:14:18.901506+00:00,,74213.36,6443.57332174
2026-05-28T02:14:18.977540+00:00,,74213.36,6443.57332174
2026-05-28T02:14:19.163150+00:00,,74222.0,6443.57332174
2026-05-28T02:14:19.231836+00:00,,74222.0,6443.57332174
2026-05-28T02:14:19.414049+00:00,,74221.29,6443.57332174
2026-05-28T02:14:19.477693+00:00,,74221.29,6443.57332174
2026-05-28T02:14:19.904505+00:00,,74224.99,6443.57332174
2026-05-28T02:14:19.977078+00:00,,74224.99,6443.57332174
2026-05-28T02:14:20.394449+00:00,,74222.39,6443.57332174
2026-05-28T02:14:20.487956+00:00,,74222.39,6443.57332174
2026-05-28T02:14:20.645708+00:00,,74224.97,6443.57332174
2026-05-28T02:14:20.732088+00:00,,74224.97,6443.57332174
2026-05-28T02:14:20.996052+00:00,,74224.98,6443.57332174
2026-05-28T02:14:20.997344+00:00,,74224.98,6443.57332174
2026-05-28T02:14:21.229558+00:00,,74224.98,6443.57332174
2026-05-28T02:14:21.730995+00:00,,74224.98,6443.57332174
2026-05-28T02:14:21.980933+00:00,,74224.98,6443.57332174
2026-05-28T02:14:22.229709+00:00,,74224.98,6443.57332174
2026-05-28T02:14:22.476787+00:00,,74224.98,6443.57332174
2026-05-28T02:14:22.734050+00:00,,74224.98,6443.57332174
2026-05-28T02:14:22.977682+00:00,,74224.98,6443.57332174
2026-05-28T02:14:23.111474+00:00,,74224.97,6443.57332174
2026-05-28T02:14:23.229407+00:00,,74224.97,6443.57332174
2026-05-28T02:14:23.976977+00:00,,74224.97,6443.57332174
2026-05-28T02:14:24.230147+00:00,,74224.97,6443.57332174
2026-05-28T02:14:24.435120+00:00,,74224.98,6443.57332174
2026-05-28T02:14:24.481661+00:00,,74224.98,6443.57332174
2026-05-28T02:14:24.977098+00:00,,74224.98,6443.57332174
2026-05-28T02:14:25.229315+00:00,,74224.98,6443.57332174
2026-05-28T02:14:25.482588+00:00,,74224.98,6443.57332174
2026-05-28T02:14:26.230933+00:00,,74224.98,6443.57332174
2026-05-28T02:14:26.732662+00:00,,74224.98,6443.57332174
2026-05-28T02:14:26.976900+00:00,,74224.98,6443.57332174
2026-05-28T02:14:27.234164+00:00,,74224.98,6443.57332174
2026-05-28T02:14:27.976480+00:00,,74224.98,6443.57332174
2026-05-28T02:14:28.230141+00:00,,74224.98,6443.57332174
2026-05-28T02:14:28.476631+00:00,,74224.98,6443.57332174
2026-05-28T02:14:28.730160+00:00,,74224.98,6443.57332174
2026-05-28T02:14:28.879511+00:00,,74224.97,6444.00924856
2026-05-28T02:14:28.976279+00:00,,74224.97,6444.00924856
2026-05-28T02:14:29.151821+00:00,,74224.98,6444.00924856
2026-05-28T02:14:29.231995+00:00,,74224.98,6444.00924856
2026-05-28T02:14:29.477153+00:00,,74224.98,6444.00924856
2026-05-28T02:14:29.732979+00:00,,74224.98,6444.00924856
2026-05-28T02:14:29.873954+00:00,,74224.99,6444.00924856
2026-05-28T02:14:29.978153+00:00,,74224.99,6444.00924856
2026-05-28T02:14:30.159091+00:00,,74224.98,6444.00924856
2026-05-28T02:14:30.239059+00:00,,74224.98,6444.00924856
2026-05-28T02:14:30.480196+00:00,,74224.98,6444.00924856
2026-05-28T02:14:30.736236+00:00,,74224.98,6444.00924856
2026-05-28T02:14:30.981347+00:00,,74224.98,6444.00924856
2026-05-28T02:14:31.238983+00:00,,74224.98,6444.00924856
2026-05-28T02:14:31.747197+00:00,,74224.98,6444.00924856
2026-05-28T02:14:31.982396+00:00,,74224.98,6444.00924856
2026-05-28T02:14:32.143820+00:00,,74224.97,6444.00924856
2026-05-28T02:14:32.239867+00:00,,74224.97,6444.00924856
2026-05-28T02:14:32.392966+00:00,,74224.98,6444.00924856
2026-05-28T02:14:32.481475+00:00,,74224.98,6444.00924856
2026-05-28T02:14:32.730102+00:00,,74224.98,6444.00924856
2026-05-28T02:14:32.977137+00:00,,74224.98,6444.00924856
2026-05-28T02:14:33.230245+00:00,,74224.98,6444.00924856
2026-05-28T02:14:33.477254+00:00,,74224.98,6444.00924856
2026-05-28T02:14:33.643121+00:00,,74224.97,6444.00924856
2026-05-28T02:14:33.732052+00:00,,74224.97,6444.00924856
2026-05-28T02:14:33.899263+00:00,,74224.98,6444.00924856
2026-05-28T02:14:33.979064+00:00,,74224.98,6444.00924856
2026-05-28T02:14:34.313981+00:00,,74224.98,6444.00924856
2026-05-28T02:14:34.511563+00:00,,74224.98,6444.00924856
2026-05-28T02:14:34.643717+00:00,,74229.99,6444.00924856
2026-05-28T02:14:34.733325+00:00,,74229.99,6444.00924856
2026-05-28T02:14:34.978607+00:00,,74229.99,6444.00924856
2026-05-28T02:14:35.144064+00:00,,74228.0,6444.00924856
2026-05-28T02:14:35.480756+00:00,,74228.0,6444.00924856
2026-05-28T02:14:35.625769+00:00,,74228.35,6444.00924856
2026-05-28T02:14:35.729868+00:00,,74228.35,6444.00924856
2026-05-28T02:14:36.152924+00:00,,74228.36,6444.00924856
2026-05-28T02:14:36.228128+00:00,,74228.36,6444.00924856
2026-05-28T02:14:36.729968+00:00,,74228.36,6444.00924856
2026-05-28T02:14:36.977833+00:00,,74228.36,6444.00924856
2026-05-28T02:14:37.149749+00:00,,74230.0,6444.00924856
2026-05-28T02:14:37.232891+00:00,,74230.0,6444.00924856
2026-05-28T02:14:37.482854+00:00,,74230.0,6444.00924856
2026-05-28T02:14:38.139213+00:00,,74229.99,6444.00924856
2026-05-28T02:14:38.229724+00:00,,74229.99,6444.00924856
2026-05-28T02:14:38.731801+00:00,,74229.99,6444.00924856
2026-05-28T02:14:38.898347+00:00,,74230.48,6444.09345616
2026-05-28T02:14:39.228569+00:00,,74230.48,6444.09345616
2026-05-28T02:14:39.481701+00:00,,74230.48,6444.09345616
2026-05-28T02:14:39.738009+00:00,,74230.48,6444.09345616
2026-05-28T02:14:39.892306+00:00,,74230.49,6444.09345616
2026-05-28T02:14:39.984034+00:00,,74230.49,6444.09345616
2026-05-28T02:14:40.146187+00:00,,74227.57,6444.09345616
2026-05-28T02:14:40.242506+00:00,,74227.57,6444.09345616
2026-05-28T02:14:40.392869+00:00,,74227.68,6444.09345616
2026-05-28T02:14:40.476335+00:00,,74227.68,6444.09345616
2026-05-28T02:14:40.649741+00:00,,74227.69,6444.09345616
2026-05-28T02:14:40.729454+00:00,,74227.69,6444.09345616
2026-05-28T02:14:40.980623+00:00,,74227.69,6444.09345616
2026-05-28T02:14:41.143994+00:00,,74228.34,6444.09345616
2026-05-28T02:14:41.229977+00:00,,74228.34,6444.09345616
2026-05-28T02:14:41.386165+00:00,,74228.33,6444.09345616
2026-05-28T02:14:41.480392+00:00,,74228.33,6444.09345616
2026-05-28T02:14:41.647624+00:00,,74228.35,6444.09345616
2026-05-28T02:14:41.730676+00:00,,74228.35,6444.09345616
2026-05-28T02:14:42.230990+00:00,,74228.35,6444.09345616
2026-05-28T02:14:42.396255+00:00,,74229.28,6444.09345616
2026-05-28T02:14:42.477935+00:00,,74229.28,6444.09345616
2026-05-28T02:14:42.644536+00:00,,74227.18,6444.09345616
2026-05-28T02:14:42.729919+00:00,,74227.18,6444.09345616
2026-05-28T02:14:42.877921+00:00,,74240.7,6444.09345616
2026-05-28T02:14:43.233009+00:00,,74240.7,6444.09345616
2026-05-28T02:14:43.402423+00:00,,74229.28,6444.09345616
2026-05-28T02:14:43.752541+00:00,,74229.28,6444.09345616
2026-05-28T02:14:43.870021+00:00,,74229.29,6444.09345616
2026-05-28T02:14:43.978476+00:00,,74229.29,6444.09345616
2026-05-28T02:14:44.233494+00:00,,74229.29,6444.09345616
2026-05-28T02:14:44.477397+00:00,,74229.29,6444.09345616
2026-05-28T02:14:44.646073+00:00,,74229.28,6444.09345616
2026-05-28T02:14:44.730596+00:00,,74229.28,6444.09345616
2026-05-28T02:14:44.977709+00:00,,74229.28,6444.09345616
2026-05-28T02:14:45.128454+00:00,,74229.29,6444.09345616
2026-05-28T02:14:45.231603+00:00,,74229.29,6444.09345616
2026-05-28T02:14:45.394063+00:00,,74229.28,6444.09345616
2026-05-28T02:14:45.481947+00:00,,74229.28,6444.09345616
2026-05-28T02:14:45.729323+00:00,,74229.28,6444.09345616
2026-05-28T02:14:45.977737+00:00,,74229.28,6444.09345616
2026-05-28T02:14:46.234276+00:00,,74229.28,6444.09345616
2026-05-28T02:14:46.487968+00:00,,74229.28,6444.09345616
2026-05-28T02:14:46.733412+00:00,,74229.28,6444.09345616
2026-05-28T02:14:46.977401+00:00,,74229.28,6444.09345616
2026-05-28T02:14:47.730358+00:00,,74229.28,6444.09345616
2026-05-28T02:14:47.898841+00:00,,74229.29,6444.09345616
2026-05-28T02:14:48.144018+00:00,,74229.28,6444.09345616
2026-05-28T02:14:48.232541+00:00,,74229.28,6444.09345616
2026-05-28T02:14:48.476904+00:00,,74229.28,6444.09345616
2026-05-28T02:14:48.731372+00:00,,74229.28,6444.09345616
2026-05-28T02:14:48.903356+00:00,,74229.28,6444.52833998
2026-05-28T02:14:49.229211+00:00,,74229.28,6444.52833998
2026-05-28T02:14:49.478281+00:00,,74229.28,6444.52833998
2026-05-28T02:14:49.644673+00:00,,74229.29,6444.52833998
2026-05-28T02:14:49.729909+00:00,,74229.29,6444.52833998
2026-05-28T02:14:49.901208+00:00,,74230.82,6444.52833998
2026-05-28T02:14:49.983293+00:00,,74230.82,6444.52833998
2026-05-28T02:14:50.144249+00:00,,74234.7,6444.52833998
2026-05-28T02:14:50.229960+00:00,,74234.7,6444.52833998
2026-05-28T02:14:50.395015+00:00,,74235.17,6444.52833998
2026-05-28T02:14:50.478971+00:00,,74235.17,6444.52833998
2026-05-28T02:14:50.645439+00:00,,74236.0,6444.52833998
2026-05-28T02:14:50.731083+00:00,,74236.0,6444.52833998
2026-05-28T02:14:50.951040+00:00,,74236.79,6444.52833998
2026-05-28T02:14:50.980589+00:00,,74236.79,6444.52833998
2026-05-28T02:14:51.231544+00:00,,74236.79,6444.52833998
2026-05-28T02:14:51.395476+00:00,,74237.54,6444.52833998
2026-05-28T02:14:51.482057+00:00,,74237.54,6444.52833998
2026-05-28T02:14:51.733239+00:00,,74237.54,6444.52833998
2026-05-28T02:14:51.738352+00:00,,74240.1,6444.52833998
2026-05-28T02:14:51.986054+00:00,,74240.1,6444.52833998
2026-05-28T02:14:52.149510+00:00,,74250.0,6444.52833998
2026-05-28T02:14:52.239562+00:00,,74250.0,6444.52833998
2026-05-28T02:14:52.402004+00:00,,74249.37,6444.52833998
2026-05-28T02:14:52.480477+00:00,,74249.37,6444.52833998
2026-05-28T02:14:52.648233+00:00,,74251.19,6444.52833998
2026-05-28T02:14:52.734512+00:00,,74251.19,6444.52833998
2026-05-28T02:14:52.903313+00:00,,74251.17,6444.52833998
2026-05-28T02:14:52.977299+00:00,,74251.17,6444.52833998
2026-05-28T02:14:53.148380+00:00,,74251.18,6444.52833998
2026-05-28T02:14:53.232417+00:00,,74251.18,6444.52833998
2026-05-28T02:14:53.373344+00:00,,74251.17,6444.52833998
2026-05-28T02:14:53.485616+00:00,,74251.17,6444.52833998
2026-05-28T02:14:53.979630+00:00,,74251.17,6444.52833998
2026-05-28T02:14:54.145997+00:00,,74251.18,6444.52833998
2026-05-28T02:14:54.232091+00:00,,74251.18,6444.52833998
2026-05-28T02:14:54.395607+00:00,,74251.17,6444.52833998
2026-05-28T02:14:54.478459+00:00,,74251.17,6444.52833998
2026-05-28T02:14:54.979546+00:00,,74251.17,6444.52833998
2026-05-28T02:14:55.147990+00:00,,74253.56,6444.52833998
2026-05-28T02:14:55.230380+00:00,,74253.56,6444.52833998
2026-05-28T02:14:55.396511+00:00,,74253.55,6444.52833998
2026-05-28T02:14:55.479114+00:00,,74253.55,6444.52833998
2026-05-28T02:14:55.652203+00:00,,74253.68,6444.52833998
2026-05-28T02:14:55.730189+00:00,,74253.68,6444.52833998
2026-05-28T02:14:55.981509+00:00,,74253.68,6444.52833998
2026-05-28T02:14:56.390677+00:00,,74253.69,6444.52833998
2026-05-28T02:14:56.480781+00:00,,74253.69,6444.52833998
2026-05-28T02:14:56.641714+00:00,,74253.68,6444.52833998
2026-05-28T02:14:56.736337+00:00,,74253.68,6444.52833998
2026-05-28T02:14:56.981411+00:00,,74253.68,6444.52833998
2026-05-28T02:14:57.238658+00:00,,74253.68,6444.52833998
2026-05-28T02:14:57.738347+00:00,,74253.68,6444.52833998
2026-05-28T02:14:57.897093+00:00,,74253.69,6444.52833998
2026-05-28T02:14:57.979433+00:00,,74253.69,6444.52833998
2026-05-28T02:14:58.116042+00:00,,74255.99,6444.52833998
2026-05-28T02:14:58.230818+00:00,,74255.99,6444.52833998
2026-05-28T02:14:58.520454+00:00,,74255.99,6444.52833998
2026-05-28T02:14:58.650386+00:00,,74256.0,6444.52833998
2026-05-28T02:14:58.733926+00:00,,74256.0,6444.52833998
2026-05-28T02:14:58.888991+00:00,,74252.36,6444.67172181
2026-05-28T02:14:58.981131+00:00,,74252.36,6444.67172181
2026-05-28T02:14:59.162592+00:00,,74252.37,6444.67172181
2026-05-28T02:14:59.236246+00:00,,74252.37,6444.67172181
2026-05-28T02:14:59.479551+00:00,,74252.37,6444.67172181
2026-05-28T02:14:59.654604+00:00,,74240.01,6444.67172181
2026-05-28T02:14:59.739834+00:00,,74240.01,6444.67172181
2026-05-28T02:14:59.903642+00:00,,74232.85,6444.67172181
2026-05-28T02:14:59.988318+00:00,,74232.85,6444.67172181
